SET SQL_MODE="NO_AUTO_VALUE_ON_ZERO";
--
-- Base de données: `irigo`
--

--
-- Contenu de la table `arrets`
--

INSERT INTO `arrets` (`id`, `nom`, `lat`, `long`) VALUES
(1, 'Angers - Roseraie', NULL, NULL),
(2, 'Jean XXIII', NULL, NULL),
(3, 'Les Gares', NULL, NULL),
(4, 'Foch - Maison Bleue', NULL, NULL),
(5, 'Ralliement', NULL, NULL),
(6, 'St Serge - Université', NULL, NULL),
(7, 'CHU - Hôpital', NULL, NULL),
(8, 'Jean Moulin', NULL, NULL),
(9, 'Verneau', NULL, NULL),
(10, 'Bois du Roy', NULL, NULL),
(11, 'St Gilles', NULL, NULL),
(12, 'Avrillé - Ardenne', NULL, NULL);

--
-- Contenu de la table `horaires`
--

INSERT INTO `horaires` (`id`, `ligne_id`, `sens`, `arret_id`, `horaire`) VALUES
(1, 1, 1, 1, '05:51:00'),
(2, 1, 1, 1, '06:08:00'),
(3, 1, 1, 1, '06:23:00'),
(4, 1, 1, 1, '06:36:00'),
(5, 1, 1, 1, '06:46:00'),
(6, 1, 1, 1, '06:52:00'),
(7, 1, 1, 2, '05:54:00'),
(8, 1, 1, 2, '06:11:00'),
(9, 1, 1, 2, '06:26:00'),
(10, 1, 1, 2, '06:39:00'),
(11, 1, 1, 2, '06:50:00'),
(12, 1, 1, 2, '06:55:00'),
(13, 1, 1, 3, '06:01:00'),
(14, 1, 1, 3, '06:18:00'),
(15, 1, 1, 3, '06:33:00'),
(16, 1, 1, 3, '06:46:00'),
(17, 1, 1, 3, '06:56:00'),
(18, 1, 1, 3, '07:02:00'),
(19, 1, 1, 4, '06:04:00'),
(20, 1, 1, 4, '06:21:00'),
(21, 1, 1, 4, '06:36:00'),
(22, 1, 1, 4, '06:49:00'),
(23, 1, 1, 4, '06:59:00'),
(24, 1, 1, 4, '07:05:00'),
(25, 1, 1, 5, '06:07:00'),
(26, 1, 1, 5, '06:23:00'),
(27, 1, 1, 5, '06:38:00'),
(28, 1, 1, 5, '06:51:00'),
(29, 1, 1, 5, '07:01:00'),
(30, 1, 1, 5, '07:07:00'),
(31, 1, 1, 6, '06:11:00'),
(32, 1, 1, 6, '06:27:00'),
(33, 1, 1, 6, '06:42:00'),
(34, 1, 1, 6, '06:55:00'),
(35, 1, 1, 6, '07:05:00'),
(36, 1, 1, 6, '07:11:00'),
(37, 1, 1, 7, '06:14:00'),
(38, 1, 1, 7, '06:30:00'),
(39, 1, 1, 7, '06:45:00'),
(40, 1, 1, 7, '06:58:00'),
(41, 1, 1, 7, '07:08:00'),
(42, 1, 1, 7, '07:14:00'),
(43, 1, 1, 8, '06:18:00'),
(44, 1, 1, 8, '06:33:00'),
(45, 1, 1, 8, '06:48:00'),
(46, 1, 1, 8, '07:01:00'),
(47, 1, 1, 8, '07:12:00'),
(48, 1, 1, 8, '07:18:00'),
(49, 1, 1, 9, '06:22:00'),
(50, 1, 1, 9, '06:36:00'),
(51, 1, 1, 9, '06:51:00'),
(52, 1, 1, 9, '07:04:00'),
(53, 1, 1, 9, '07:15:00'),
(54, 1, 1, 9, '07:21:00'),
(55, 1, 1, 10, '06:27:00'),
(56, 1, 1, 10, '06:41:00'),
(57, 1, 1, 10, '06:56:00'),
(58, 1, 1, 10, '07:09:00'),
(59, 1, 1, 10, '07:20:00'),
(60, 1, 1, 10, '07:26:00'),
(61, 1, 1, 11, '06:30:00'),
(62, 1, 1, 11, '06:44:00'),
(63, 1, 1, 11, '06:59:00'),
(64, 1, 1, 11, '07:12:00'),
(65, 1, 1, 11, '07:23:00'),
(66, 1, 1, 11, '07:29:00'),
(67, 1, 1, 12, '06:33:00'),
(68, 1, 1, 12, '06:47:00'),
(69, 1, 1, 12, '07:02:00'),
(70, 1, 1, 12, '07:15:00'),
(71, 1, 1, 12, '07:25:00'),
(72, 1, 1, 12, '07:31:00'),
(73, 1, 1, 1, '19:10:00'),
(74, 1, 1, 1, '19:18:00'),
(75, 1, 1, 1, '19:27:00'),
(76, 1, 1, 1, '19:33:00'),
(77, 1, 1, 1, '19:42:00'),
(78, 1, 1, 1, '19:52:00'),
(79, 1, 1, 1, '20:05:00'),
(80, 1, 1, 1, '20:18:00'),
(81, 1, 1, 1, '20:34:00'),
(82, 1, 1, 1, '20:50:00'),
(83, 1, 1, 1, '21:06:00'),
(84, 1, 1, 1, '21:26:00'),
(85, 1, 1, 1, '21:49:00'),
(86, 1, 1, 1, '22:13:00'),
(87, 1, 1, 1, '22:37:00'),
(88, 1, 1, 1, '23:01:00'),
(89, 1, 1, 1, '23:25:00'),
(90, 1, 1, 1, '23:49:00'),
(91, 1, 1, 1, '00:13:00'),
(92, 1, 1, 1, '00:35:00'),
(93, 1, 1, 2, '19:13:00'),
(94, 1, 1, 2, '19:21:00'),
(95, 1, 1, 2, '19:30:00'),
(96, 1, 1, 2, '19:36:00'),
(97, 1, 1, 2, '19:45:00'),
(98, 1, 1, 2, '19:55:00'),
(99, 1, 1, 2, '20:08:00'),
(100, 1, 1, 2, '20:21:00'),
(101, 1, 1, 2, '20:37:00'),
(102, 1, 1, 2, '20:53:00'),
(103, 1, 1, 2, '21:09:00'),
(104, 1, 1, 2, '21:29:00'),
(105, 1, 1, 2, '21:52:00'),
(106, 1, 1, 2, '22:16:00'),
(107, 1, 1, 2, '22:40:00'),
(108, 1, 1, 2, '23:04:00'),
(109, 1, 1, 2, '23:28:00'),
(110, 1, 1, 2, '23:52:00'),
(111, 1, 1, 2, '00:16:00'),
(112, 1, 1, 2, '00:38:00'),
(113, 1, 1, 3, '19:20:00'),
(114, 1, 1, 3, '19:28:00'),
(115, 1, 1, 3, '19:37:00'),
(116, 1, 1, 3, '19:43:00'),
(117, 1, 1, 3, '19:52:00'),
(118, 1, 1, 3, '20:02:00'),
(119, 1, 1, 3, '20:15:00'),
(120, 1, 1, 3, '20:28:00'),
(121, 1, 1, 3, '20:44:00'),
(122, 1, 1, 3, '21:00:00'),
(123, 1, 1, 3, '21:16:00'),
(124, 1, 1, 3, '21:36:00'),
(125, 1, 1, 3, '21:59:00'),
(126, 1, 1, 3, '22:23:00'),
(127, 1, 1, 3, '22:47:00'),
(128, 1, 1, 3, '23:11:00'),
(129, 1, 1, 3, '23:35:00'),
(130, 1, 1, 3, '23:59:00'),
(131, 1, 1, 3, '00:23:00'),
(132, 1, 1, 3, '00:45:00'),
(133, 1, 1, 4, '19:23:00'),
(134, 1, 1, 4, '19:31:00'),
(135, 1, 1, 4, '19:40:00'),
(136, 1, 1, 4, '19:46:00'),
(137, 1, 1, 4, '19:55:00'),
(138, 1, 1, 4, '20:05:00'),
(139, 1, 1, 4, '20:18:00'),
(140, 1, 1, 4, '20:31:00'),
(141, 1, 1, 4, '20:47:00'),
(142, 1, 1, 4, '21:03:00'),
(143, 1, 1, 4, '21:19:00'),
(144, 1, 1, 4, '21:39:00'),
(145, 1, 1, 4, '22:02:00'),
(146, 1, 1, 4, '22:26:00'),
(147, 1, 1, 4, '22:50:00'),
(148, 1, 1, 4, '23:14:00'),
(149, 1, 1, 4, '23:38:00'),
(150, 1, 1, 4, '00:02:00'),
(151, 1, 1, 4, '00:26:00'),
(152, 1, 1, 4, '00:50:00'),
(153, 1, 1, 5, '19:25:00'),
(154, 1, 1, 5, '19:33:00'),
(155, 1, 1, 5, '19:42:00'),
(156, 1, 1, 5, '19:48:00'),
(157, 1, 1, 5, '19:57:00'),
(158, 1, 1, 5, '20:07:00'),
(159, 1, 1, 5, '20:20:00'),
(160, 1, 1, 5, '20:33:00'),
(161, 1, 1, 5, '20:49:00'),
(162, 1, 1, 5, '21:05:00'),
(163, 1, 1, 5, '21:21:00'),
(164, 1, 1, 5, '21:41:00'),
(165, 1, 1, 5, '22:04:00'),
(166, 1, 1, 5, '22:28:00'),
(167, 1, 1, 5, '22:52:00'),
(168, 1, 1, 5, '23:16:00'),
(169, 1, 1, 5, '23:40:00'),
(170, 1, 1, 5, '00:04:00'),
(171, 1, 1, 5, '00:28:00'),
(172, 1, 1, 5, '00:52:00'),
(173, 1, 1, 6, '19:29:00'),
(174, 1, 1, 6, '19:37:00'),
(175, 1, 1, 6, '19:46:00'),
(176, 1, 1, 6, '19:52:00'),
(177, 1, 1, 6, '20:01:00'),
(178, 1, 1, 6, '20:11:00'),
(179, 1, 1, 6, '20:24:00'),
(180, 1, 1, 6, '20:37:00'),
(181, 1, 1, 6, '20:53:00'),
(182, 1, 1, 6, '21:09:00'),
(183, 1, 1, 6, '21:25:00'),
(184, 1, 1, 6, '21:45:00'),
(185, 1, 1, 6, '22:08:00'),
(186, 1, 1, 6, '22:32:00'),
(187, 1, 1, 6, '22:56:00'),
(188, 1, 1, 6, '23:20:00'),
(189, 1, 1, 6, '23:44:00'),
(190, 1, 1, 6, '00:08:00'),
(191, 1, 1, 6, '00:32:00'),
(192, 1, 1, 6, '00:56:00'),
(193, 1, 1, 7, '19:32:00'),
(194, 1, 1, 7, '19:40:00'),
(195, 1, 1, 7, '19:49:00'),
(196, 1, 1, 7, '19:55:00'),
(197, 1, 1, 7, '20:04:00'),
(198, 1, 1, 7, '20:14:00'),
(199, 1, 1, 7, '20:27:00'),
(200, 1, 1, 7, '20:40:00'),
(201, 1, 1, 7, '20:56:00'),
(202, 1, 1, 7, '21:12:00'),
(203, 1, 1, 7, '21:28:00'),
(204, 1, 1, 7, '21:48:00'),
(205, 1, 1, 7, '22:11:00'),
(206, 1, 1, 7, '22:35:00'),
(207, 1, 1, 7, '22:59:00'),
(208, 1, 1, 7, '23:23:00'),
(209, 1, 1, 7, '23:47:00'),
(210, 1, 1, 7, '00:11:00'),
(211, 1, 1, 7, '00:35:00'),
(212, 1, 1, 7, '00:59:00'),
(213, 1, 1, 8, '19:36:00'),
(214, 1, 1, 8, '19:44:00'),
(215, 1, 1, 8, '19:52:00'),
(216, 1, 1, 8, '19:59:00'),
(217, 1, 1, 8, '20:07:00'),
(218, 1, 1, 8, '20:18:00'),
(219, 1, 1, 8, '20:31:00'),
(220, 1, 1, 8, '20:43:00'),
(221, 1, 1, 8, '21:00:00'),
(222, 1, 1, 8, '21:15:00'),
(223, 1, 1, 8, '21:31:00'),
(224, 1, 1, 8, '21:51:00'),
(225, 1, 1, 8, '22:14:00'),
(226, 1, 1, 8, '22:38:00'),
(227, 1, 1, 8, '23:02:00'),
(228, 1, 1, 8, '23:26:00'),
(229, 1, 1, 8, '23:50:00'),
(230, 1, 1, 8, '00:14:00'),
(231, 1, 1, 8, '00:38:00'),
(232, 1, 1, 8, '01:02:00'),
(233, 1, 1, 9, '19:39:00'),
(234, 1, 1, 9, '19:47:00'),
(235, 1, 1, 9, '19:55:00'),
(236, 1, 1, 9, '20:02:00'),
(237, 1, 1, 9, '20:10:00'),
(238, 1, 1, 9, '20:21:00'),
(239, 1, 1, 9, '20:34:00'),
(240, 1, 1, 9, '20:46:00'),
(241, 1, 1, 9, '21:03:00'),
(242, 1, 1, 9, '21:18:00'),
(243, 1, 1, 9, '21:34:00'),
(244, 1, 1, 9, '21:54:00'),
(245, 1, 1, 9, '22:17:00'),
(246, 1, 1, 9, '22:41:00'),
(247, 1, 1, 9, '23:05:00'),
(248, 1, 1, 9, '23:29:00'),
(249, 1, 1, 9, '23:53:00'),
(250, 1, 1, 9, '00:17:00'),
(251, 1, 1, 9, '00:41:00'),
(252, 1, 1, 9, '01:05:00'),
(253, 1, 1, 10, '19:44:00'),
(254, 1, 1, 10, '19:52:00'),
(255, 1, 1, 10, '20:00:00'),
(256, 1, 1, 10, '20:07:00'),
(257, 1, 1, 10, '20:15:00'),
(258, 1, 1, 10, '20:26:00'),
(259, 1, 1, 10, '20:39:00'),
(260, 1, 1, 10, '20:51:00'),
(261, 1, 1, 10, '21:08:00'),
(262, 1, 1, 10, '21:23:00'),
(263, 1, 1, 10, '21:39:00'),
(264, 1, 1, 10, '21:59:00'),
(265, 1, 1, 10, '22:22:00'),
(266, 1, 1, 10, '22:46:00'),
(267, 1, 1, 10, '23:10:00'),
(268, 1, 1, 10, '23:34:00'),
(269, 1, 1, 10, '23:58:00'),
(270, 1, 1, 10, '00:22:00'),
(271, 1, 1, 10, '00:46:00'),
(272, 1, 1, 10, '01:10:00'),
(273, 1, 1, 11, '19:47:00'),
(274, 1, 1, 11, '19:55:00'),
(275, 1, 1, 11, '20:03:00'),
(276, 1, 1, 11, '20:10:00'),
(277, 1, 1, 11, '20:18:00'),
(278, 1, 1, 11, '20:29:00'),
(279, 1, 1, 11, '20:42:00'),
(280, 1, 1, 11, '20:54:00'),
(281, 1, 1, 11, '21:11:00'),
(282, 1, 1, 11, '21:26:00'),
(283, 1, 1, 11, '21:42:00'),
(284, 1, 1, 11, '22:02:00'),
(285, 1, 1, 11, '22:25:00'),
(286, 1, 1, 11, '22:49:00'),
(287, 1, 1, 11, '23:13:00'),
(288, 1, 1, 11, '23:37:00'),
(289, 1, 1, 11, '00:01:00'),
(290, 1, 1, 11, '00:25:00'),
(291, 1, 1, 11, '00:49:00'),
(292, 1, 1, 11, '01:13:00'),
(293, 1, 1, 12, '19:49:00'),
(294, 1, 1, 12, '19:57:00'),
(295, 1, 1, 12, '20:06:00'),
(296, 1, 1, 12, '20:12:00'),
(297, 1, 1, 12, '20:21:00'),
(298, 1, 1, 12, '20:31:00'),
(299, 1, 1, 12, '20:44:00'),
(300, 1, 1, 12, '20:57:00'),
(301, 1, 1, 12, '21:13:00'),
(302, 1, 1, 12, '21:29:00'),
(303, 1, 1, 12, '21:45:00'),
(304, 1, 1, 12, '22:05:00'),
(305, 1, 1, 12, '22:28:00'),
(306, 1, 1, 12, '22:52:00'),
(307, 1, 1, 12, '23:16:00'),
(308, 1, 1, 12, '23:40:00'),
(309, 1, 1, 12, '00:04:00'),
(310, 1, 1, 12, '00:28:00'),
(311, 1, 1, 12, '00:52:00'),
(312, 1, 1, 12, '01:16:00'),
(313, 1, 2, 12, '05:33:00'),
(314, 1, 2, 12, '05:50:00'),
(315, 1, 2, 12, '06:05:00'),
(316, 1, 2, 12, '06:19:00'),
(317, 1, 2, 12, '06:31:00'),
(318, 1, 2, 12, '06:42:00'),
(319, 1, 2, 11, '05:35:00'),
(320, 1, 2, 11, '05:53:00'),
(321, 1, 2, 11, '06:07:00'),
(322, 1, 2, 11, '06:21:00'),
(323, 1, 2, 11, '06:33:00'),
(324, 1, 2, 11, '06:44:00'),
(325, 1, 2, 10, '05:39:00'),
(326, 1, 2, 10, '05:56:00'),
(327, 1, 2, 10, '06:10:00'),
(328, 1, 2, 10, '06:24:00'),
(329, 1, 2, 10, '06:36:00'),
(330, 1, 2, 10, '06:47:00'),
(331, 1, 2, 9, '05:14:00'),
(332, 1, 2, 9, '05:31:00'),
(333, 1, 2, 9, '05:45:00'),
(334, 1, 2, 9, '06:01:00'),
(335, 1, 2, 9, '06:08:00'),
(336, 1, 2, 9, '06:15:00'),
(337, 1, 2, 9, '06:22:00'),
(338, 1, 2, 9, '06:29:00'),
(339, 1, 2, 9, '06:35:00'),
(340, 1, 2, 9, '06:41:00'),
(341, 1, 2, 9, '06:47:00'),
(342, 1, 2, 9, '06:52:00'),
(343, 1, 2, 8, '05:18:00'),
(344, 1, 2, 8, '05:34:00'),
(345, 1, 2, 8, '05:48:00'),
(346, 1, 2, 8, '06:04:00'),
(347, 1, 2, 8, '06:11:00'),
(348, 1, 2, 8, '06:18:00'),
(349, 1, 2, 8, '06:25:00'),
(350, 1, 2, 8, '06:32:00'),
(351, 1, 2, 8, '06:38:00'),
(352, 1, 2, 8, '06:45:00'),
(353, 1, 2, 8, '06:50:00'),
(354, 1, 2, 8, '06:55:00'),
(355, 1, 2, 7, '05:22:00'),
(356, 1, 2, 7, '05:38:00'),
(357, 1, 2, 7, '05:51:00'),
(358, 1, 2, 7, '06:07:00'),
(359, 1, 2, 7, '06:15:00'),
(360, 1, 2, 7, '06:22:00'),
(361, 1, 2, 7, '06:29:00'),
(362, 1, 2, 7, '06:36:00'),
(363, 1, 2, 7, '06:42:00'),
(364, 1, 2, 7, '06:48:00'),
(365, 1, 2, 7, '06:54:00'),
(366, 1, 2, 7, '06:59:00'),
(367, 1, 2, 6, '05:25:00'),
(368, 1, 2, 6, '05:41:00'),
(369, 1, 2, 6, '05:54:00'),
(370, 1, 2, 6, '06:10:00'),
(371, 1, 2, 6, '06:18:00'),
(372, 1, 2, 6, '06:25:00'),
(373, 1, 2, 6, '06:32:00'),
(374, 1, 2, 6, '06:39:00'),
(375, 1, 2, 6, '06:45:00'),
(376, 1, 2, 6, '06:51:00'),
(377, 1, 2, 6, '06:57:00'),
(378, 1, 2, 6, '07:02:00'),
(379, 1, 2, 5, '05:29:00'),
(380, 1, 2, 5, '05:45:00'),
(381, 1, 2, 5, '05:58:00'),
(382, 1, 2, 5, '06:14:00'),
(383, 1, 2, 5, '06:22:00'),
(384, 1, 2, 5, '06:29:00'),
(385, 1, 2, 5, '06:36:00'),
(386, 1, 2, 5, '06:43:00'),
(387, 1, 2, 5, '06:49:00'),
(388, 1, 2, 5, '06:55:00'),
(389, 1, 2, 5, '07:01:00'),
(390, 1, 2, 5, '07:06:00'),
(391, 1, 2, 4, '05:31:00'),
(392, 1, 2, 4, '05:47:00'),
(393, 1, 2, 4, '06:00:00'),
(394, 1, 2, 4, '06:16:00'),
(395, 1, 2, 4, '06:24:00'),
(396, 1, 2, 4, '06:31:00'),
(397, 1, 2, 4, '06:38:00'),
(398, 1, 2, 4, '06:45:00'),
(399, 1, 2, 4, '06:51:00'),
(400, 1, 2, 4, '06:57:00'),
(401, 1, 2, 4, '07:03:00'),
(402, 1, 2, 4, '07:08:00'),
(403, 1, 2, 3, '05:35:00'),
(404, 1, 2, 3, '05:50:00'),
(405, 1, 2, 3, '06:03:00'),
(406, 1, 2, 3, '06:19:00'),
(407, 1, 2, 3, '06:27:00'),
(408, 1, 2, 3, '06:34:00'),
(409, 1, 2, 3, '06:41:00'),
(410, 1, 2, 3, '06:48:00'),
(411, 1, 2, 3, '06:54:00'),
(412, 1, 2, 3, '07:00:00'),
(413, 1, 2, 3, '07:06:00'),
(414, 1, 2, 3, '07:11:00'),
(415, 1, 2, 2, '05:42:00'),
(416, 1, 2, 2, '05:56:00'),
(417, 1, 2, 2, '06:10:00'),
(418, 1, 2, 2, '06:26:00'),
(419, 1, 2, 2, '06:33:00'),
(420, 1, 2, 2, '06:40:00'),
(421, 1, 2, 2, '06:47:00'),
(422, 1, 2, 2, '06:54:00'),
(423, 1, 2, 2, '07:00:00'),
(424, 1, 2, 2, '07:07:00'),
(425, 1, 2, 2, '07:12:00'),
(426, 1, 2, 2, '07:17:00'),
(427, 1, 2, 1, '05:46:00'),
(428, 1, 2, 1, '06:00:00'),
(429, 1, 2, 1, '06:13:00'),
(430, 1, 2, 1, '06:29:00'),
(431, 1, 2, 1, '06:37:00'),
(432, 1, 2, 1, '06:44:00'),
(433, 1, 2, 1, '06:51:00'),
(434, 1, 2, 1, '06:58:00'),
(435, 1, 2, 1, '07:04:00'),
(436, 1, 2, 1, '07:10:00'),
(437, 1, 2, 1, '07:16:00'),
(438, 1, 2, 1, '07:21:00'),
(439, 1, 2, 12, '18:38:00'),
(440, 1, 2, 12, '18:47:00'),
(441, 1, 2, 12, '18:57:00'),
(442, 1, 2, 12, '19:06:00'),
(443, 1, 2, 12, '19:17:00'),
(444, 1, 2, 12, '19:29:00'),
(445, 1, 2, 12, '19:42:00'),
(446, 1, 2, 12, '20:01:00'),
(447, 1, 2, 12, '20:20:00'),
(448, 1, 2, 12, '20:40:00'),
(449, 1, 2, 12, '21:04:00'),
(450, 1, 2, 12, '21:28:00'),
(451, 1, 2, 12, '21:52:00'),
(452, 1, 2, 12, '22:16:00'),
(453, 1, 2, 12, '22:40:00'),
(454, 1, 2, 12, '23:04:00'),
(455, 1, 2, 11, '18:41:00'),
(456, 1, 2, 11, '18:49:00'),
(457, 1, 2, 11, '18:59:00'),
(458, 1, 2, 11, '19:09:00'),
(459, 1, 2, 11, '19:20:00'),
(460, 1, 2, 11, '19:32:00'),
(461, 1, 2, 11, '19:44:00'),
(462, 1, 2, 11, '20:04:00'),
(463, 1, 2, 11, '20:23:00'),
(464, 1, 2, 11, '20:42:00'),
(465, 1, 2, 11, '21:06:00'),
(466, 1, 2, 11, '21:30:00'),
(467, 1, 2, 11, '21:54:00'),
(468, 1, 2, 11, '22:18:00'),
(469, 1, 2, 11, '22:42:00'),
(470, 1, 2, 11, '23:06:00'),
(471, 1, 2, 10, '18:44:00'),
(472, 1, 2, 10, '18:52:00'),
(473, 1, 2, 10, '19:02:00'),
(474, 1, 2, 10, '19:12:00'),
(475, 1, 2, 10, '19:23:00'),
(476, 1, 2, 10, '19:35:00'),
(477, 1, 2, 10, '19:47:00'),
(478, 1, 2, 10, '20:07:00'),
(479, 1, 2, 10, '20:26:00'),
(480, 1, 2, 10, '20:45:00'),
(481, 1, 2, 10, '21:09:00'),
(482, 1, 2, 10, '21:33:00'),
(483, 1, 2, 10, '21:57:00'),
(484, 1, 2, 10, '22:21:00'),
(485, 1, 2, 10, '22:45:00'),
(486, 1, 2, 10, '23:09:00'),
(487, 1, 2, 9, '18:49:00'),
(488, 1, 2, 9, '18:57:00'),
(489, 1, 2, 9, '19:07:00'),
(490, 1, 2, 9, '19:17:00'),
(491, 1, 2, 9, '19:28:00'),
(492, 1, 2, 9, '19:40:00'),
(493, 1, 2, 9, '19:52:00'),
(494, 1, 2, 9, '20:12:00'),
(495, 1, 2, 9, '20:31:00'),
(496, 1, 2, 9, '20:50:00'),
(497, 1, 2, 9, '21:14:00'),
(498, 1, 2, 9, '21:38:00'),
(499, 1, 2, 9, '22:02:00'),
(500, 1, 2, 9, '22:26:00'),
(501, 1, 2, 9, '22:50:00'),
(502, 1, 2, 9, '23:14:00'),
(503, 1, 2, 8, '18:52:00'),
(504, 1, 2, 8, '19:00:00'),
(505, 1, 2, 8, '19:10:00'),
(506, 1, 2, 8, '19:20:00'),
(507, 1, 2, 8, '19:31:00'),
(508, 1, 2, 8, '19:43:00'),
(509, 1, 2, 8, '19:55:00'),
(510, 1, 2, 8, '20:15:00'),
(511, 1, 2, 8, '20:34:00'),
(512, 1, 2, 8, '20:53:00'),
(513, 1, 2, 8, '21:17:00'),
(514, 1, 2, 8, '21:41:00'),
(515, 1, 2, 8, '22:05:00'),
(516, 1, 2, 8, '22:29:00'),
(517, 1, 2, 8, '22:53:00'),
(518, 1, 2, 8, '23:17:00'),
(519, 1, 2, 7, '18:55:00'),
(520, 1, 2, 7, '19:04:00'),
(521, 1, 2, 7, '19:14:00'),
(522, 1, 2, 7, '19:23:00'),
(523, 1, 2, 7, '19:34:00'),
(524, 1, 2, 7, '19:46:00'),
(525, 1, 2, 7, '19:59:00'),
(526, 1, 2, 7, '20:18:00'),
(527, 1, 2, 7, '20:37:00'),
(528, 1, 2, 7, '20:57:00'),
(529, 1, 2, 7, '21:21:00'),
(530, 1, 2, 7, '21:45:00'),
(531, 1, 2, 7, '22:09:00'),
(532, 1, 2, 7, '22:33:00'),
(533, 1, 2, 7, '22:57:00'),
(534, 1, 2, 7, '23:21:00'),
(535, 1, 2, 6, '18:58:00'),
(536, 1, 2, 6, '19:07:00'),
(537, 1, 2, 6, '19:17:00'),
(538, 1, 2, 6, '19:26:00'),
(539, 1, 2, 6, '19:37:00'),
(540, 1, 2, 6, '19:49:00'),
(541, 1, 2, 6, '20:02:00'),
(542, 1, 2, 6, '20:21:00'),
(543, 1, 2, 6, '20:40:00'),
(544, 1, 2, 6, '21:00:00'),
(545, 1, 2, 6, '21:24:00'),
(546, 1, 2, 6, '21:48:00'),
(547, 1, 2, 6, '22:12:00'),
(548, 1, 2, 6, '22:36:00'),
(549, 1, 2, 6, '23:00:00'),
(550, 1, 2, 6, '23:24:00'),
(551, 1, 2, 5, '19:02:00'),
(552, 1, 2, 5, '19:11:00'),
(553, 1, 2, 5, '19:21:00'),
(554, 1, 2, 5, '19:30:00'),
(555, 1, 2, 5, '19:41:00'),
(556, 1, 2, 5, '19:53:00'),
(557, 1, 2, 5, '20:06:00'),
(558, 1, 2, 5, '20:25:00'),
(559, 1, 2, 5, '20:44:00'),
(560, 1, 2, 5, '21:04:00'),
(561, 1, 2, 5, '21:28:00'),
(562, 1, 2, 5, '21:52:00'),
(563, 1, 2, 5, '22:16:00'),
(564, 1, 2, 5, '22:40:00'),
(565, 1, 2, 5, '23:04:00'),
(566, 1, 2, 5, '23:28:00'),
(567, 1, 2, 4, '19:04:00'),
(568, 1, 2, 4, '19:13:00'),
(569, 1, 2, 4, '19:23:00'),
(570, 1, 2, 4, '19:32:00'),
(571, 1, 2, 4, '19:43:00'),
(572, 1, 2, 4, '19:55:00'),
(573, 1, 2, 4, '20:08:00'),
(574, 1, 2, 4, '20:27:00'),
(575, 1, 2, 4, '20:46:00'),
(576, 1, 2, 4, '21:06:00'),
(577, 1, 2, 4, '21:30:00'),
(578, 1, 2, 4, '21:54:00'),
(579, 1, 2, 4, '22:18:00'),
(580, 1, 2, 4, '22:42:00'),
(581, 1, 2, 4, '23:06:00'),
(582, 1, 2, 4, '23:30:00'),
(583, 1, 2, 3, '19:07:00'),
(584, 1, 2, 3, '19:16:00'),
(585, 1, 2, 3, '19:26:00'),
(586, 1, 2, 3, '19:35:00'),
(587, 1, 2, 3, '19:46:00'),
(588, 1, 2, 3, '19:58:00'),
(589, 1, 2, 3, '20:11:00'),
(590, 1, 2, 3, '20:30:00'),
(591, 1, 2, 3, '20:49:00'),
(592, 1, 2, 3, '21:09:00'),
(593, 1, 2, 3, '21:33:00'),
(594, 1, 2, 3, '21:57:00'),
(595, 1, 2, 3, '22:21:00'),
(596, 1, 2, 3, '22:45:00'),
(597, 1, 2, 3, '23:09:00'),
(598, 1, 2, 3, '23:33:00'),
(599, 1, 2, 2, '19:14:00'),
(600, 1, 2, 2, '19:22:00'),
(601, 1, 2, 2, '19:32:00'),
(602, 1, 2, 2, '19:42:00'),
(603, 1, 2, 2, '19:53:00'),
(604, 1, 2, 2, '20:05:00'),
(605, 1, 2, 2, '20:17:00'),
(606, 1, 2, 2, '20:37:00'),
(607, 1, 2, 2, '20:56:00'),
(608, 1, 2, 2, '21:15:00'),
(609, 1, 2, 2, '21:39:00'),
(610, 1, 2, 2, '22:03:00'),
(611, 1, 2, 2, '22:27:00'),
(612, 1, 2, 2, '22:51:00'),
(613, 1, 2, 2, '23:15:00'),
(614, 1, 2, 2, '23:39:00'),
(615, 1, 2, 1, '19:17:00'),
(616, 1, 2, 1, '19:26:00'),
(617, 1, 2, 1, '19:36:00'),
(618, 1, 2, 1, '19:45:00'),
(619, 1, 2, 1, '19:56:00'),
(620, 1, 2, 1, '20:08:00'),
(621, 1, 2, 1, '20:21:00'),
(622, 1, 2, 1, '20:40:00'),
(623, 1, 2, 1, '20:59:00'),
(624, 1, 2, 1, '21:19:00'),
(625, 1, 2, 1, '21:43:00'),
(626, 1, 2, 1, '22:07:00'),
(627, 1, 2, 1, '22:31:00'),
(628, 1, 2, 1, '22:55:00'),
(629, 1, 2, 1, '23:19:00'),
(630, 1, 2, 1, '23:43:00'),
(631, 1, 2, 12, '23:28:00'),
(632, 1, 2, 12, '23:52:00'),
(633, 1, 2, 12, '00:22:00'),
(634, 1, 2, 11, '23:30:00'),
(635, 1, 2, 11, '23:54:00'),
(636, 1, 2, 11, '00:24:00'),
(637, 1, 2, 10, '23:33:00'),
(638, 1, 2, 10, '23:57:00'),
(639, 1, 2, 10, '00:27:00'),
(640, 1, 2, 9, '23:38:00'),
(641, 1, 2, 9, '00:02:00'),
(642, 1, 2, 9, '00:32:00'),
(643, 1, 2, 8, '23:41:00'),
(644, 1, 2, 8, '00:05:00'),
(645, 1, 2, 8, '00:35:00'),
(646, 1, 2, 7, '23:45:00'),
(647, 1, 2, 7, '00:09:00'),
(648, 1, 2, 7, '00:39:00'),
(649, 1, 2, 6, '23:48:00'),
(650, 1, 2, 6, '00:12:00'),
(651, 1, 2, 6, '00:42:00'),
(652, 1, 2, 5, '23:52:00'),
(653, 1, 2, 5, '00:16:00'),
(654, 1, 2, 5, '00:46:00'),
(655, 1, 2, 4, '23:54:00'),
(656, 1, 2, 4, '00:18:00'),
(657, 1, 2, 4, '00:50:00'),
(658, 1, 2, 3, '23:57:00'),
(659, 1, 2, 3, '00:21:00'),
(660, 1, 2, 3, '00:53:00'),
(661, 1, 2, 2, '00:03:00'),
(662, 1, 2, 2, '00:27:00'),
(663, 1, 2, 2, '00:59:00'),
(664, 1, 2, 1, '00:07:00'),
(665, 1, 2, 1, '00:31:00'),
(666, 1, 2, 1, '01:03:00');

--
-- Contenu de la table `lignes`
--

INSERT INTO `lignes` (`id`, `numero`, `type_ligne_id`, `nom`, `couleur`) VALUES
(1, 'A', 1, 'Angers Roseraie – Avrillé Ardenne', '#ff0000');

--
-- Contenu de la table `sens`
--

INSERT INTO `sens` (`ligne_id`, `sens`, `depuis`, `vers`) VALUES
(1, 1, 'Angers Roseraie', 'Avrillé Ardenne'),
(1, 2, 'Avrillé Ardenne', 'Angers Roseraie');

--
-- Contenu de la table `type_lignes`
--

INSERT INTO `type_lignes` (`id`, `libelle`) VALUES
(1, 'Tramway'),
(2, 'Bus');
